course_id,title,tag,duration
,,,
259bab35-6deb-4708-a897-8d93f65996fe,Re-contextualized demand-driven migration,DevOps,87.0
bb668ac3-aab3-4156-9aec-2863d893474b,Synergized 6thgeneration complexity,UI/UX Design,137.0
a7e95994-0a4e-45ca-b383-99d5be874b27,Vision-oriented regional Graphic Interface,UI/UX Design,175.0
b4c47ef9-ab01-459e-8d3f-51b60dbea9ab,Reactive background matrices,Cybersecurity,103.0
a733831b-b87a-4023-a299-074b964f8268,Decentralized maximized data-warehouse,Mobile Development,127.0
8c614264-41a5-448f-a207-c2a6bc6ed5df,Configurable didactic core,Data Science,168.0
456db36d-de96-4dfa-865f-504165cce6c9,Expanded full-range protocol,Web Development,57.0
8df30faf-3eef-4751-8ae5-d1983625866a,Down-sized even-keeled attitude,Software Testing,133.0
a8faead4-39cd-4b23-88e8-26b235b2371b,Synergized coherent synergy,Data Engineering,132.0
31762771-9880-49ad-95d7-6280e016c4c8,Reactive real-time superstructure,Data Science,119.0
93ebcdd6-22e4-477b-ad13-ae5281161c58,Compatible even-keeled Graphic Interface,Cybersecurity,108.0
06d2a954-eaa4-46e8-b258-2e1c6e06430b,Automated well-modulated moratorium,Cybersecurity,56.0
f58d5820-c86c-47ac-829b-96c2cac3f4cb,Proactive grid-enabled conglomeration,Generative AI,65.0
b526b725-9287-4b1d-aa4e-0def70f9dbcd,Progressive executive array,UI/UX Design,121.0
418ee30c-866c-40d1-bef2-32565d41a10e,Adaptive bifurcated matrix,UI/UX Design,104.0
bf4ffeaa-9551-4964-a648-b08604df65f6,Managed homogeneous middleware,Data Science,108.0
3d8c4804-b06c-4ecf-a3f4-b6d8d9e1aa4c,Synergistic analyzing leverage,Cybersecurity,118.0
77d80c8e-5e9f-47b4-a5be-ab09906bcc97,Monitored local encoding,Data Engineering,68.0
267c8078-a278-4f19-ad40-f54a37fcd937,Profound cohesive focus group,Software Testing,76.0
00ac38e0-4297-47bd-bfc4-11e55ea46076,Profit-focused reciprocal interface,Web Development,80.0
caf6a647-1ecb-40f5-bf37-025d5a3dac92,Reactive transitional database,Cybersecurity,135.0
1d0a930c-f2ce-4c91-87c6-1f164d31b1e9,Exclusive system-worthy portal,DevOps,148.0
7aa5f280-dc8b-4b39-866d-ef0840fe520d,Extended didactic approach,Software Testing,135.0
d42a0ca8-2308-4124-9397-81be2ba03c55,Right-sized user-facing capability,Mobile Development,87.0
ed992d96-0b1d-4e23-9cb3-c51add5de066,Cross-group fresh-thinking knowledge user,Mobile Development,155.0
da410d39-f651-4996-ae71-4941debedc84,Customer-focused zero-defect challenge,Generative AI,140.0
a78b1ec0-ce93-4128-868c-66f14f6c2956,Optional content-based matrix,Mobile Development,161.0
d2787a3d-045e-498a-b193-364413af2581,Switchable upward-trending Graphic Interface,Software Testing,161.0
80c2970a-6fad-4013-a5b5-0c9995d5ce5d,Robust user-facing project,UI/UX Design,102.0
