module_id,module_title,module_duration
,,
d0eac17b-6fb8-4292-8ca5-787f86eaddc5,Re-contextualized client-driven moratorium,20.0
80162e58-06ae-430d-bd02-58f4775b7f25,Total scalable service-desk,14.0
fb1807c1-0bdc-496a-bef0-f76c228e83bf,Public-key bifurcated secured line,25.0
f0344e01-554f-4505-9428-02807cbf2c09,Organized multimedia secured line,17.0
675a7ba8-fe2f-41e1-b2d8-1183b3361cdd,Balanced reciprocal function,30.0
90845b52-62f4-4aa5-ac90-5c8eeff9d625,Streamlined even-keeled portal,19.0
03d82c92-1a67-47d7-b1bc-83d0bb6c66da,Reduced solution-oriented moratorium,17.0
d8589eca-79cc-4030-956d-2ee21f0b591c,Seamless 5thgeneration attitude,23.0
7d08cd86-a3aa-4ea4-b28a-1b4d4552b907,Balanced 24/7 encoding,28.0
3a9b045e-36dd-413a-a7ed-647fcc27d730,Fundamental secondary projection,24.0
58b5629c-05c6-4cdc-863f-614cfddd8761,Progressive upward-trending infrastructure,18.0
79011c28-4d69-4215-b36c-54d084ea504f,Decentralized didactic artificial intelligence,13.0
61b2caf1-cca4-4403-9a4f-91afd7d60eeb,Down-sized eco-centric installation,13.0
e6c73839-ea18-4735-a042-65400168d2f8,Monitored 5thgeneration task-force,28.0
62447656-9fba-4ddd-ab5b-fc053f2e6e8d,Open-architected systematic pricing structure,18.0
1bb0f605-4c3c-485b-a09a-9c8e598874ad,Extended fresh-thinking moratorium,14.0
09bc8bf6-3412-4b20-80fe-82d743f0fee5,Configurable upward-trending knowledgebase,28.0
647c52d0-ab6a-4784-b041-9539a40b8f1a,Monitored encompassing algorithm,13.0
3b1b9e00-071d-46e1-b405-cae3f5938234,Face-to-face non-volatile array,12.0
3d09f0ea-3ed4-4d54-9655-a8539520933b,Intuitive attitude-oriented structure,20.0
aff01266-29cd-40f7-afa1-ad30f55919f2,Configurable tertiary neural-net,30.0
05b9635f-bdc1-4f96-9712-649013df016e,Enhanced motivating moderator,24.0
f6836557-a8f6-4508-aeaf-4b8bd595299c,Networked clear-thinking infrastructure,21.0
dc7e69a1-c580-40a7-b30d-e0a339305139,Customer-focused attitude-oriented structure,10.0
437d381d-9729-421b-bb3c-00dd35d25a00,Expanded coherent secured line,11.0
351b7f33-2d81-473f-918e-eef576be562d,Virtual tangible matrix,19.0
b1f8283e-90e7-48e9-ad53-3ae5307df540,Quality-focused context-sensitive attitude,24.0
3a071e87-9825-4a6c-ab55-731395d57a33,Face-to-face discrete encryption,18.0
ac1d7745-6596-4ee3-9398-e600de4bfcb6,Virtual tangible infrastructure,13.0
6e1d4998-b6a3-4f4b-822d-70b39e84d255,Visionary heuristic hub,30.0
ce7d724a-3f9d-4356-a760-c2716e9b296c,Monitored demand-driven encryption,15.0
14166d5a-82ff-491a-bbae-fa8c5cdbe9be,Synchronized analyzing definition,23.0
031b701b-8378-4578-beb8-6d96231faa76,Advanced radical knowledgebase,18.0
14e45e6c-90f4-4ad3-8224-fc3bcdc4158c,Down-sized object-oriented leverage,19.0
0c2631b1-feda-4705-a078-59ba60ba3635,Mandatory intermediate projection,24.0
25c86aa2-c42f-4686-baca-e1c71aba666e,Universal client-server parallelism,20.0
59446427-60b4-4aca-a87d-247c4c28dc96,Operative responsive matrices,22.0
7c153829-6c58-4cee-b7b9-bf7362e61625,Enterprise-wide national interface,22.0
93951e8c-6eeb-433e-8c86-9fa621b772cc,Synchronized dedicated workforce,18.0
a4085b1d-ac2d-47da-a321-9c6517e10d27,Reduced eco-centric success,28.0
9ea655da-329a-46e9-af45-0e1035eb9008,Object-based heuristic system engine,16.0
2ded117a-d30c-4ec0-b5d4-7f1474931a55,Secured stable data-warehouse,29.0
96d77181-3fec-4781-9186-467b37790ee9,Managed 24hour intranet,18.0
78926d40-4c8b-4469-a760-cd72c1c6c5bd,Compatible asynchronous ability,29.0
84cc34d2-2c4c-49a2-8ec3-b30a54a21bdd,Up-sized contextually-based neural-net,12.0
79c5de24-f399-4391-8459-7d0ed652c891,Profit-focused explicit process improvement,27.0
75971159-5a66-4165-931b-07a832a72c42,Profit-focused multi-state budgetary management,13.0
7eebfdb2-c5b4-40e8-91a7-c94575da5f12,Streamlined multi-tasking info-mediaries,10.0
88e48f47-8cd9-4b4e-b732-22613e5ad902,Realigned bandwidth-monitored info-mediaries,19.0
01481d81-7bc5-449d-8e31-7f3ff25fb17f,Front-line systematic budgetary management,26.0
93272943-a167-4a7c-bdbb-48366265db28,Robust multimedia time-frame,23.0
311391c5-25ab-4e0a-a7d1-45afefdb7a7d,Public-key exuding orchestration,23.0
97c2dcb7-db8a-4d7e-bfe3-7a0a934f008a,Compatible composite middleware,21.0
039fd068-8181-42e5-8b03-342b5e8b98a9,Upgradable non-volatile middleware,14.0
28fd4816-7719-4ede-a885-833814de924c,User-centric zero tolerance intranet,13.0
bbe00ba0-133f-4e35-970b-bfc4ed830131,Programmable 5thgeneration protocol,26.0
2b3958d9-03b6-4d96-af5a-64544f304e4a,Down-sized analyzing structure,22.0
941aeab6-9868-4625-860e-d22705ac9c91,Compatible tertiary info-mediaries,16.0
d2c6fcd5-a929-41df-9115-94c19b19c3d5,Right-sized cohesive architecture,30.0
d7d43b6c-50ac-4fa9-a0ea-b128dada3912,Grass-roots zero administration hub,20.0
7ae14ed4-f8d9-4a0e-baa7-2cf70ee5773d,Progressive bi-directional firmware,28.0
156e8792-043c-40e9-ae78-35a9946f729b,Re-engineered systemic parallelism,12.0
d8ce050f-f6cb-417d-be45-00899cfb1ff3,Function-based user-facing productivity,18.0
3e49a970-b88c-4144-9799-0490cd46c365,Compatible reciprocal hardware,16.0
b4f276c6-45eb-4fff-ae75-e9aa6af2802d,Stand-alone secondary model,15.0
74016121-3c81-4413-837b-a10516c108a8,Re-contextualized non-volatile collaboration,25.0
9eab08cb-8784-42ab-908c-4e2f2705a882,Assimilated client-driven encryption,21.0
7d8fcb77-c453-4197-a4f6-58e73a13880e,Optimized homogeneous protocol,24.0
c52f5b43-f520-4968-8fd3-de06ea73b75f,Phased actuating productivity,19.0
2b44b4ed-9b7a-417e-b56b-00e9b05bcc3a,Team-oriented homogeneous structure,29.0
d0ac8e46-e2ed-43c6-b2a9-b033b724e619,Secured tangible system engine,25.0
2c78f2bf-37f1-4c7f-ac94-4ae85052ba32,Extended attitude-oriented portal,12.0
426ff6a5-9070-4702-b9d3-586a20599e48,Ergonomic explicit flexibility,22.0
fa167f2e-f5e0-448b-80ba-2a46be571f5f,Enterprise-wide well-modulated standardization,22.0
a0de72f4-7943-4f7c-9bd1-80d3fc871107,Cross-group needs-based website,22.0
d344aaab-5922-4c05-a4ca-7dced49268c0,Grass-roots analyzing concept,14.0
88f23f08-145f-4886-9568-dc25b1ad9b28,Synergized stable adapter,20.0
f01a6819-b844-43c2-9b10-1b63602b7b34,Reduced analyzing hub,14.0
c18a7b69-e556-44af-8323-55a870a88e5d,Multi-lateral full-range help-desk,15.0
9580fa28-195e-4177-856b-7ac0ea9c9f7d,Secured 3rdgeneration portal,25.0
5faa7a34-c7f8-4c36-8a12-3eb933614267,Proactive homogeneous throughput,29.0
1a89f4c5-6fd7-483a-a3c1-d0a8159b3eee,Persevering mobile attitude,19.0
51b2ee0a-bb40-4bf0-8f6b-2c53befc5b98,Re-contextualized leadingedge forecast,21.0
cbcbc769-e19b-404f-9862-562d6e7b634f,Reactive homogeneous initiative,30.0
06f00c6f-8dd2-4840-b975-cb2eae2d856b,Upgradable web-enabled access,15.0
5cb0b674-94d4-4207-b809-0428d75ce872,Open-architected multimedia toolset,27.0
d8a5a5ec-6e5d-45b0-a3b9-489ad6ceed36,Diverse static open system,14.0
775cfed8-e985-46e3-88ee-db69b9dd6e63,Team-oriented user-facing Graphic Interface,12.0
a42b7a45-c2c4-4382-a6b6-6084f6e00c81,Intuitive human-resource website,13.0
4d853ba0-e791-4d8e-965f-8473c39af1f9,Triple-buffered needs-based Graphical User Interface,10.0
136d545d-ed92-4731-b34f-c317dd77d01d,De-engineered high-level open architecture,17.0
64d19d4e-fa06-418b-8bb2-0dac11e1c949,Persevering even-keeled help-desk,25.0
5143ed1c-9632-4d59-91f5-ebe74312b753,Front-line bifurcated core,15.0
6b828d7d-2074-49a8-be19-c130cbfcceaa,Switchable full-range interface,29.0
0053cf48-2840-4708-84f9-9a82afd747ca,Team-oriented encompassing website,28.0
4408d4c9-8b99-4124-aa30-8bd447c80832,Innovative actuating protocol,25.0
20b088a5-8ac0-4f6b-9c85-4e5c0bd6c4d3,Persistent static superstructure,24.0
db61df88-c807-421d-bdd6-46b7e96dad48,Multi-lateral object-oriented conglomeration,19.0
7481b1e8-f9d2-4b10-b77c-1b51cd652000,Advanced static solution,20.0
a403992e-29f1-4f36-8385-0b50aeca6cdd,De-engineered radical benchmark,23.0
eb81487c-9a57-413f-b93f-987cc214526c,Open-source modular focus group,28.0
76c72e39-320d-4f34-9437-d738b9f2c8b3,Right-sized uniform application,17.0
a04b4972-8fc8-4903-be5e-9a17a1948948,Self-enabling composite protocol,18.0
0b9f273e-0373-4fa2-ac07-48839c6a67fa,Proactive heuristic pricing structure,24.0
006d8dc8-070b-43a5-9e6c-4832a5f21436,Business-focused asynchronous concept,14.0
de08f71a-7793-4633-a3a7-26fe944a0f67,Expanded high-level Graphic Interface,12.0
8fad6971-8629-4609-8d9e-9ae885962bd7,Right-sized secondary capacity,18.0
7f335118-fd48-43ff-8206-03a22ece19ae,Visionary systemic service-desk,15.0
c1b27c20-a8ee-4b6e-82eb-72578dec784c,Self-enabling bi-directional utilization,15.0
a9993e47-b66e-41b6-8a65-4e24c22e1674,Persevering executive knowledge user,17.0
e44f5438-55ed-400c-9e39-68c0d34aeaea,Pre-emptive even-keeled framework,27.0
bef51556-4f43-4f59-b282-f98cc8820c61,Fully-configurable zero-defect concept,28.0
3efb5b8b-6cd5-4d7e-91c5-1e79796ab156,Progressive human-resource moderator,18.0
19620532-1f3b-4f08-99c4-ae507a996bce,Centralized secondary frame,26.0
491ab0a1-605b-4f4e-9ef4-be8cbf2a61a8,Object-based methodical challenge,27.0
865bdb98-c732-4830-bdc5-e0c429299747,Ergonomic homogeneous leverage,10.0
387d6f5e-2735-40d0-a542-2df770770e5a,Business-focused human-resource solution,20.0
6d7309b0-8752-4e13-8835-de47ff475755,Compatible 4thgeneration hub,26.0
5df89c5f-092c-44a8-8f72-6809d30198f4,Exclusive radical alliance,10.0
4919a2e2-7795-435c-bbe5-f57e6cd0a5b3,Quality-focused attitude-oriented challenge,22.0
31dcab0c-c34a-41a9-bd5e-33ff934c53ee,Multi-layered bi-directional encoding,16.0
58eae7a6-06e1-4352-b5db-d20ae397b88b,Future-proofed local artificial intelligence,28.0
1452a949-0b6b-464c-8b75-4bdb230b45fe,Team-oriented intermediate structure,11.0
3be63912-fcf7-4b44-8888-8db1c7b99cac,Streamlined 3rdgeneration archive,21.0
c49e10a4-6601-4676-b88b-baf1dba4541e,Progressive maximized budgetary management,18.0
ffb1628c-cdad-4297-90e4-95d2b776a679,Future-proofed attitude-oriented knowledgebase,15.0
fbb1dac9-e9fc-46d1-95cf-0ac20108ee47,Multi-layered analyzing array,26.0
1299f382-57b5-406a-841a-e3df3b6c63e0,Total clear-thinking core,26.0
34d675f4-741d-4693-a927-fa4648ce8c97,Networked transitional leverage,28.0
02cad378-f586-4cea-a7a7-08748eef5229,Implemented interactive architecture,19.0
96ffd0a0-937e-4009-8643-bb1278d6f973,Multi-channeled system-worthy knowledge user,15.0
719bbb73-b4d4-415f-bf57-9297dbbd8dc6,Networked executive focus group,15.0
45ba75f7-adbc-44f5-b3cb-f9668ae97e45,Re-engineered 3rdgeneration toolset,16.0
6cfd8cd9-ada1-4876-9249-0beb2fd00058,Enterprise-wide multi-tasking Graphic Interface,15.0
ba9e46a6-6490-4534-b4ff-477183089df8,Multi-tiered systemic process improvement,19.0
3e9edd3a-218c-4bd3-9a5a-8d2481d0ec88,Visionary neutral leverage,11.0
c65ea6e8-d1b5-47ff-94e7-aa1ac6f6789b,Focused composite hub,16.0
5908535c-c308-4c86-a05b-320ae521c916,Re-contextualized empowering encoding,17.0
d62ce1a6-8077-4e6a-9f21-b54e5ebaeff9,De-engineered neutral algorithm,13.0
a42843d7-e4bc-46aa-97b3-6c5e96b5cea4,Monitored multimedia concept,21.0
962ce066-4e3c-4568-809b-578082261817,Total eco-centric structure,19.0
f2d3f675-e843-466a-9bbd-d1902396a5b3,Organic fault-tolerant solution,24.0
e56ec4a4-2867-45f1-8efa-f5ae3df451d4,Devolved scalable challenge,23.0
a214fe33-80dc-4eb0-88e8-912a651b0076,Front-line transitional flexibility,21.0
9ac2a3e5-6ace-48c9-b616-5eea80a16899,Devolved full-range moratorium,29.0
9730f942-ce23-4e69-bfe3-51fa2be3fa82,Integrated systemic open system,14.0
12674695-3717-464c-acc8-a03fdcab8074,Reverse-engineered context-sensitive monitoring,22.0
9b14adc0-5d7f-44d8-9266-3fb6561a868b,Business-focused local synergy,11.0
603bec5f-9cc9-4439-b0c2-13d7d0889d43,Profit-focused 24hour ability,15.0
efd814d9-2d8b-4b97-b383-4f08f38ab77b,Open-source modular parallelism,29.0
9b2e0adc-7ee6-47bf-a3e7-3a4232d4cab3,Polarized context-sensitive success,19.0
07a2918b-dfa1-44cc-8e26-3b456d6cd0d2,Secured bottom-line analyzer,29.0
0e87cee1-2b12-420d-93da-8086099e78ff,Re-engineered static function,27.0
228a1245-a05c-42f1-a9d0-1dc0e47519d6,Universal grid-enabled pricing structure,20.0
80be8332-b1c8-425c-bf7e-3a423a065f18,Intuitive grid-enabled ability,25.0
0efdfb92-f74d-4d4b-8771-12ab44a71d80,Streamlined leadingedge info-mediaries,27.0
a43cfd2b-804c-470c-b234-3cb1e155dfa8,Compatible incremental portal,30.0
2854d821-b3d2-4bb1-b09d-503505204868,Profit-focused scalable solution,29.0
a2c9b1a3-7d18-4e85-bb52-7855f3f18864,Universal scalable initiative,28.0
2b22d5d6-00c4-48d3-8fad-ab9a3fe146af,Automated modular middleware,29.0
86505817-819e-4a7e-b846-3d984770993d,Synergistic optimizing methodology,25.0
cd2146f5-ac84-42d1-be89-c1d2800d4216,Switchable non-volatile time-frame,26.0
166a5db6-1393-42e8-9f9f-1e25bca6c925,Open-source content-based frame,26.0
29684265-d77e-487f-bf1f-d55be681c25b,Upgradable client-driven protocol,25.0
012a19f2-5b4c-42ec-82bf-4e5ef3cc86bf,Triple-buffered holistic standardization,14.0
6ad1f781-58b0-490e-9b5a-b782c835e169,Distributed executive circuit,30.0
5fddda6b-6040-47af-9ebf-a627d2a43580,Multi-tiered disintermediate website,22.0
8045ccd0-5c94-49d6-b5a9-b79345a9ad6b,Versatile leadingedge matrices,11.0
87c7454a-f8e5-484e-83b6-1fc1db89b4f3,Multi-tiered client-driven service-desk,19.0
1a14c92c-acc8-4673-bee0-e490c06092a0,De-engineered multi-tasking analyzer,18.0
08fba256-2b4a-4036-bcc8-3638c9ee80c9,Phased discrete implementation,11.0
d6f44eb0-f145-4cf6-bfb2-4f11c439c1b6,Cross-group logistical orchestration,24.0
35a07a06-723c-4332-9fdc-d172a7deb7ec,Synchronized human-resource forecast,23.0
307c54ff-5544-4bd1-9750-265a9dc4195e,Open-architected actuating hub,17.0
47f569ee-8ef5-4827-b877-7f2320572dc4,Quality-focused 3rdgeneration archive,15.0
4417c36b-765c-442a-90c6-f29c18028b25,Operative leadingedge access,18.0
c0274fe9-7574-4dfc-8210-4575572612a9,Progressive regional knowledge user,10.0
6d9c55a0-4e96-4220-9065-b51b4116a261,Open-architected holistic complexity,20.0
009188fb-a273-4eb2-82fb-a49b4e13fc7f,Future-proofed zero tolerance artificial intelligence,17.0
8dc88ab0-470f-490d-9566-94af3720763a,Diverse analyzing ability,13.0
c9790be7-d49e-4780-9f50-cc250378155a,Ameliorated client-driven analyzer,15.0
5c82cfdf-4fb1-4407-942e-529e1ae4f119,Pre-emptive scalable hardware,10.0
6ff86c4a-9d65-4897-aa78-d5b4006a72a0,Extended eco-centric contingency,17.0
29a754ee-c7df-4523-b4f0-78acd280f0d7,Optional cohesive array,15.0
b2a98108-5c10-41d8-a074-11f4c14a625b,Decentralized 24/7 challenge,29.0
a6eb3b24-f45e-4538-b11e-cdde34bdb989,Progressive 5thgeneration policy,16.0
80458a20-f3d1-4c4b-bd02-86b84e7a7766,Business-focused 3rdgeneration productivity,10.0
c9da37cb-2945-40cf-972f-f370f24d3f66,Multi-tiered stable customer loyalty,14.0
72594d7d-62aa-4547-8255-0ea9fa0b8d8d,Configurable actuating throughput,20.0
74088b6a-1c23-44f0-bafe-6897c3f4ac04,Public-key dynamic focus group,15.0
44dfacfa-cb7c-4e90-8ff8-0de5da961418,Optional global function,17.0
313d24b4-b4f2-4c55-8aab-cdbe66146f80,Cloned background focus group,27.0
5f6dde75-6ed2-43fa-98f3-1f238460c82a,Operative 24hour analyzer,26.0
d3af8ac2-e31a-48dd-af8b-931c4e6f3768,Optimized empowering benchmark,25.0
93accfa0-b2dc-4cd7-af51-7ff891219070,Enhanced grid-enabled application,14.0
