course_id,title,description,duration,modules,created_at,tag
9fd1bbec-8457-4a59-ae1b-21d3332242b1,Down-sized grid-enabled parallelism,"What family bar. Begin month study fast moment because. Health figure continue project buy fear growth.
Probably person like ability lot choose. Enter include never none still.",50,8,2024-09-30 17:50:00,Software Testing
e89339c8-71fc-43bb-a490-2dd1075b789e,Reverse-engineered mobile capacity,"Oil term from goal pass.
War buy kid alone. Similar tend other sport table.
These east shoulder deep some not wait. Though work buy out final. Ready quite international support total know per.",69,1,2024-02-28 21:34:01,Data Engineering
dbee22e0-b97f-4bef-95e3-346a30a979f3,Enterprise-wide discrete neural-net,"Whatever feel player box tell. Heavy would city care.
Hand write since later impact finally ability easy. No off participant bag. Admit toward Mrs most catch benefit.",161,9,2024-05-20 03:52:16,DevOps
e9d59f32-82b4-4acc-b92a-158c490c6c2f,Realigned static paradigm,"Floor assume sound prevent street I people parent. Live I deep term.
Common begin perform front race. Manage knowledge address left a treatment edge. Contain performance hold crime.",149,7,2024-05-02 14:13:42,Data Science
eb937e20-4a35-4b84-af3a-9c432a68e35c,Self-enabling intermediate core,"Yourself trouble low wind whom meeting. Serious election information former. Memory woman position anyone.
Student impact tough like rich. Life water hospital.",158,3,2024-06-21 02:58:07,Data Engineering
cadf6033-27aa-4d77-9e4d-18a6f3451d57,Sharable clear-thinking adapter,"Drive rock simple class international big everyone. Can at realize quality finally bill situation.
Who system investment big. Remain realize themselves perform soldier produce including poor.",39,4,2024-06-07 08:36:24,Web Development
c6b31f69-5e14-4ba4-b83b-e799ec1196ca,Ameliorated user-facing time-frame,Sense others red if discussion subject population nature. Sit employee toward when. Goal include call yet.,128,6,2024-06-01 00:31:46,Web Development
cb7009cb-1c14-48d4-949d-424dbd672a55,Synchronized client-driven attitude,"Argue husband happen we admit next treatment. Unit yourself movie share.
Several small fire consider. Court build her subject serious table.",30,8,2024-04-24 15:04:41,Data Science
6d03ee0a-7bed-45e0-ac24-0e1e3e7c550c,Upgradable client-server productivity,Society evidence ask head within. New capital similar gun. Blood their detail stay.,120,5,2024-02-18 04:13:52,Web Development
cd86eecb-e99d-40c5-b43f-788d0624f4c7,Centralized radical database,Talk different as well meeting. Fill ten bit agent. Everything goal born campaign language statement heavy. Note everything serious senior.,85,8,2024-01-25 21:14:27,Data Science
c55e2baa-e2f1-451f-be01-3616d99e9b3d,Phased radical focus group,"Finally create amount star my will. Too key his result good forward agree a.
Institution you week body east how reflect local. Choice summer central air.",50,9,2024-03-21 07:52:48,UI/UX Design
3889d9af-c802-4662-85d9-34efb90fbab7,Robust grid-enabled knowledge user,"Husband beat president whole morning fine. Side prevent line page raise executive enter measure.
Look sell nothing significant support would no. Available half sit. Work fight look how.",60,10,2024-03-15 01:06:01,Software Testing
d8cf8c50-c44f-4126-a3bc-59e098607965,De-engineered methodical methodology,"Bill century evening speak cup determine. Great exactly north deep around possible reveal their.
Everyone actually heart. Forward each take develop memory Democrat chance.",45,9,2024-09-29 12:45:23,Mobile Development
4ac123bc-9c78-49a2-92ea-09caa879f7ed,Enterprise-wide client-driven leverage,"Process method increase rise citizen while. Treat foreign be thousand would.
Have movement there whatever join idea. Resource whether include eat report chance eight.",109,4,2024-05-22 01:26:26,DevOps
902e7df8-eaa7-401e-ae0c-7954f1efed2f,Up-sized leadingedge info-mediaries,Art tree appear doctor. Phone first the toward. Represent spring show cause serve worry tree.,42,2,2024-01-07 23:22:04,UI/UX Design
8152a3c7-6230-4fd1-9945-df022b53b5e2,Monitored disintermediate policy,Enjoy born none improve safe most. Daughter rule account class often five sure.,61,7,2024-03-18 04:14:33,UI/UX Design
b6c54d38-1ba1-4880-a538-3df20f1ad26b,User-centric cohesive interface,Partner or material agreement get fish. Leader stuff pull personal old. Part quality less traditional everything surface themselves.,124,2,2024-03-03 01:11:37,Data Science
1287d329-5cd7-4a91-915c-bb9a27ccbad7,Distributed responsive core,Account challenge draw everything particular current each. Everyone right man method school able behavior. Hotel spend phone car across. Like air image.,92,6,2024-01-28 06:46:03,Mobile Development
0a05660b-4b10-4097-86c7-f7bbec517ede,Polarized client-driven hardware,"Education Mrs describe leg. Carry see reason in.
Whose catch start group return if Democrat. Move fight less sea gun against feeling.",164,2,2024-04-23 09:12:25,UI/UX Design
f02f9746-ea64-44fa-8dea-64041352a03b,Persistent dedicated benchmark,Air official carry despite wrong security. Over heavy next. Hear significant situation without together.,115,7,2024-05-25 07:23:58,Mobile Development
