user_id,name,email,designation,created_at
2a6d8fa1-17f3-4bbe-8662-94ac32e3e36a,Tara Salinas,feliciaharmon@example.org,Mobile Developer,2024-01-19 04:37:03
77616122-6463-4f54-97bf-e41d45e28e0b,Dale Hicks,alan03@example.com,Cybersecurity Specialist,2024-09-01 06:49:07
eb13e8d5-4c0e-4160-be53-dd87d0b15033,Maria Lara,brooke92@example.net,Data Scientist,2024-04-23 11:44:18
641e72d5-859e-4887-a57d-84201be9c066,Matthew Howe,meganramirez@example.com,Web Developer,2024-09-02 19:57:28
d8b75720-cc4c-4a26-aab5-09b7e69559a4,Madeline Ramos,ucarlson@example.net,Data Engineer,2024-07-13 20:05:43
82dde003-268e-4a7e-92f5-6aa9fc78cb11,Jeff Russo,romerojeremy@example.org,UI/UX Designer,2024-04-03 18:09:46
6483031e-7f1d-402e-a13d-56622e6157ee,Teresa Lee,vbonilla@example.com,AI Specialist,2024-04-13 11:20:05
516c7f77-8812-446d-a146-a9be94fdc2a4,Megan Russo,nathan38@example.com,DevOps Engineer,2024-05-18 07:34:19
2b107019-27fc-4a03-b07d-0718515aa6a0,Andrew Wells,holly41@example.org,Software Tester,2024-05-20 20:31:18
c25ba4d5-d3bf-4e95-86d3-0d15988e152e,Carlos Morse,james93@example.org,Data Engineer,2024-06-10 13:54:29
b872732e-eae1-48c3-bce8-719ba3f8dffa,John Hess,andrew26@example.org,Web Developer,2024-05-02 09:32:20
8eaf1874-9365-4c36-81d7-fe383e8720fc,Monica Schneider,kathryn48@example.org,DevOps Engineer,2024-07-06 10:00:30
ea7a3269-5544-43ed-ad9f-f797a80c2832,Melinda Johnson,brittany57@example.com,AI Specialist,2024-04-29 00:32:37
f05dafe7-4a77-496b-9686-1fa41ed50c3e,Michael Jones,brandon63@example.com,Data Engineer,2024-07-14 17:03:00
7b6cac55-e272-496a-bb17-0136c460474e,Michael Daniels,rflores@example.org,Web Developer,2024-01-10 07:05:08
5bd2cf06-0f57-4b5e-a282-eb1a5cc629c7,Matthew Douglas,cassandradavis@example.com,DevOps Engineer,2024-08-05 06:09:54
a5e41e2d-cb2d-4120-8c1c-cf4929192b8e,Gabriel Kaiser,april47@example.org,Data Engineer,2024-03-03 17:48:33
07f6381b-edfe-4f3e-b485-0fc0d9fb6e97,Ryan Humphrey,floresmichael@example.org,AI Specialist,2024-09-04 07:53:51
726e18d4-db77-4567-90f8-b8c198560dd6,Gerald Pollard,raymond06@example.com,Mobile Developer,2024-02-04 14:23:24
e5bba2f2-598f-443e-bbe7-befbd9ea27b0,Miss Melissa Ramirez,jerry08@example.net,Mobile Developer,2024-08-15 08:38:53
b87eb784-2da1-4510-a007-479a8f0ec67f,Nicholas Beck,amanda30@example.org,Mobile Developer,2024-01-27 20:03:16
c35b2be0-dc6c-414b-91fd-eb0877e575ab,Amy Lloyd,lpowell@example.com,Data Engineer,2024-07-25 23:01:11
32a5237e-7492-4cc7-94d7-beaeba5abffa,Nicholas Mcconnell,davisjohn@example.com,Data Scientist,2024-01-29 22:19:45
96e2dc7f-c3f8-4f5c-815b-ecb0514fbd64,Patrick Vazquez,vanessaatkins@example.org,DevOps Engineer,2024-03-16 18:55:39
840e899b-0980-4fbf-97a6-425c078e7da6,Ruben Casey,matthew08@example.org,DevOps Engineer,2024-08-12 03:00:04
1882a27f-47dd-445c-a860-9860c38ee52d,Angela Freeman DDS,heidi44@example.org,Data Scientist,2024-09-21 13:39:35
304dcd27-7544-4ae5-9de3-1475fe9c40e3,James Hernandez,vsummers@example.net,Data Engineer,2024-05-08 08:19:22
55b93218-2057-4889-aa47-f166877ed811,Tyler Wilson,david49@example.org,UI/UX Designer,2024-04-02 04:17:37
409c9940-793f-41f9-81f4-db4dd28d4fb3,Joanna Williams,sheila50@example.org,AI Specialist,2024-09-11 20:28:26
f884a6af-afcf-4dd1-ae84-8f5f02804ede,Christopher Melendez,rodriguezkristy@example.net,Data Scientist,2024-06-19 07:29:59
5294e180-cdcc-4800-94d0-61f04bd33e78,Seth Ochoa,jimmypierce@example.com,Cybersecurity Specialist,2024-07-15 23:33:25
8e02bdf7-8977-4cb1-93d8-538b933b3f3a,Matthew Brown,chelseawatkins@example.net,Mobile Developer,2024-06-03 00:23:22
cb9f42fa-ad71-4dad-9d1c-cf84b2a5a05e,Regina Salazar,christiandavis@example.org,Software Tester,2024-02-04 17:04:38
3e4a5c3a-faf5-4f4e-b82d-8ffc88d85734,Levi Stone,matthewmiller@example.com,Data Scientist,2024-03-20 12:17:45
6853ab18-a13b-40ac-93ef-759970bbf482,Lauren Jones,karenthompson@example.com,AI Specialist,2024-04-06 20:11:41
d29a169d-49ab-4d76-8274-eb948b6b536e,Charles Lambert,justinjames@example.com,Web Developer,2024-01-29 08:28:27
1c5115b0-e1b8-41c1-bb02-d700d7145284,Tim Johnston,jodi51@example.net,Web Developer,2024-09-18 17:55:02
109eb90e-2ed1-4814-8c38-327f205d701f,Mary Lowery,stephaniejuarez@example.com,Data Scientist,2024-09-21 03:16:33
7ba92d62-52bd-48c4-8146-da84e760a18a,Matthew Miller,logannguyen@example.com,Web Developer,2024-01-23 02:44:03
40e4789a-1536-49aa-b0d5-9b0d9d60a943,Katie Smith,rduran@example.com,Software Tester,2024-05-05 00:09:02
4508fbf2-ed2b-4a73-b3eb-ef821aaa4235,David Weaver,millerpatricia@example.org,Software Tester,2024-03-05 12:14:55
c16b825a-4cc9-4bac-8477-d586105560c9,Jessica Park,gbernard@example.com,Web Developer,2024-06-06 06:53:02
179160f0-a7e1-4eea-868d-a2140b587c5d,Timothy Lambert,jasonsmith@example.org,Data Engineer,2024-06-17 04:57:12
54de53e5-1bab-4ce0-b42a-e832818d47c3,Robert Evans,reyesscott@example.com,Data Engineer,2024-07-12 19:45:26
01476644-6347-4147-8a2b-cf1e00ad240b,David Jackson,amy77@example.com,Data Scientist,2024-02-14 21:45:43
a769e100-ae92-4a0a-96d0-628ce6c9c579,Bethany Pollard,martinsteven@example.com,Software Tester,2024-02-06 01:12:50
0fc292da-7ec7-48f6-a151-9a77d22cee73,James Lee,wilsonjennifer@example.com,Data Scientist,2024-06-23 04:10:23
9a08f052-ef2c-4495-916d-e8e818ef0b48,Casey Webb,norrismeghan@example.com,AI Specialist,2024-08-19 17:02:34
fd79655e-addd-4c26-a581-01d590e0d988,Jordan Martinez,zmoore@example.org,Cybersecurity Specialist,2024-05-16 18:46:52
ddd43c04-bc3a-411e-a236-74d41b09a386,Justin Erickson,gvalenzuela@example.com,Cybersecurity Specialist,2024-07-23 06:50:41
486784cb-20a9-41d5-a147-2619b685f7fc,Michelle Brennan,myerskatie@example.org,Data Engineer,2024-01-01 04:27:37
cec0b734-4dfb-42c7-99f2-31c6e203e752,Dana Phillips,jerrymontgomery@example.com,Mobile Developer,2024-09-24 00:33:32
06c7d19e-baee-47d8-9303-7e66145ec56e,Robin Hamilton,daniellebenson@example.com,Data Engineer,2024-02-19 07:58:43
49ccf0c9-64fc-4812-b09a-0a70d1ad733d,Maria Miller,klinematthew@example.net,Data Engineer,2024-07-10 19:38:22
7568652e-ddab-4102-9c44-590336b3afcf,Julie Woods,brandon16@example.com,AI Specialist,2024-01-06 18:54:27
13440170-ced1-44e7-9564-178443535f85,Hannah Oconnor,amy28@example.com,Cybersecurity Specialist,2024-05-20 06:42:48
326aebdb-cf8e-49fd-b9dc-7a96de17d234,Karen Garcia,esparzakrista@example.org,Cybersecurity Specialist,2024-07-02 21:03:17
54b53d7e-1007-48f0-b4f5-cdaf4b287cf6,Robert Patton,tammy58@example.com,AI Specialist,2024-05-08 03:04:25
d89e6a74-ecee-476b-86d5-c7bc9647bc1b,Kristy Skinner,sandraalvarado@example.net,Data Scientist,2024-08-13 01:06:27
efb8fea1-a8ce-4240-b97d-d5345bf26734,Jerry Jones,phillipslevi@example.net,Cybersecurity Specialist,2024-06-30 03:10:17
56fc2b05-54c5-4672-8d18-5a651c4f392c,Jennifer Moore,brandi37@example.com,Data Scientist,2024-02-21 13:35:18
e8641a62-1245-4002-8575-6693ecb5367a,John Williams,vreeves@example.net,AI Specialist,2024-02-08 22:28:35
08e92c3e-8d87-43e4-99d1-db39c8f4e751,Richard Collins,hmiles@example.net,Mobile Developer,2024-09-14 19:35:57
9efd82a8-b258-45e1-ade3-62068d735ff6,Craig Clayton,catherine98@example.com,AI Specialist,2024-07-11 11:19:58
e33c659a-b184-4cac-a051-712fbd39bc4b,Earl Jones,icampbell@example.net,Software Tester,2024-07-06 21:02:09
c40bae19-4aa7-472c-9fdf-5010236b7f19,Chad Guzman,nfitzpatrick@example.com,Data Engineer,2024-04-05 22:33:28
e89f05e0-9c78-4d9c-a4e3-487a2256b94d,Douglas Garner,parkererica@example.com,DevOps Engineer,2024-01-20 12:41:00
f0b5a874-38c3-4886-bd93-4ed41f430606,Samuel Cruz,xholmes@example.net,Web Developer,2024-05-06 11:01:57
38804c17-8ca3-4c7d-b2e2-b1a12e53bcad,Scott Garcia,flemingsean@example.org,DevOps Engineer,2024-09-26 12:02:59
3cace1dc-8042-4ae2-b1f8-7e763543d4be,Paul Morgan,arthurfleming@example.net,Software Tester,2024-08-22 03:54:01
a66ba3e2-10fc-479b-99bd-902d93372f12,Nancy Carter,vanessa76@example.org,UI/UX Designer,2024-05-14 13:55:06
fe5b8301-1b13-4683-8fb5-3e8689f0c4d8,Kimberly Cowan,mariamiller@example.net,Data Engineer,2024-06-08 10:18:07
e8cf7f8f-ede9-4ff1-9d40-70f2f8525078,Tiffany Rodriguez,icrawford@example.com,Mobile Developer,2024-06-10 22:52:07
3cd83988-77f8-44d1-84fa-6a43ad4ec8f3,Peter Walker,clarkpaige@example.org,AI Specialist,2024-09-22 22:17:26
1a95714c-7433-4b17-8676-9b6cb1c24c95,Michelle Shaffer,gjefferson@example.org,Mobile Developer,2024-04-06 21:30:41
8484c495-f97f-4c7f-923f-178514241319,Tammy Wilson,jenniferbell@example.net,UI/UX Designer,2024-07-10 22:17:06
fc046613-47e8-427e-beb5-699680acb5b8,Elizabeth Brown,abutler@example.net,Data Engineer,2024-05-14 15:01:56
119b4cc2-d68e-493b-82ba-d677cc11e72d,Cindy Henderson,dorothybird@example.net,Data Scientist,2024-03-23 18:29:43
ae906000-c886-474e-8b86-e0e74df26ffb,Audrey Jacobs,jacksonguzman@example.net,AI Specialist,2024-01-31 10:16:17
8145dc69-db05-4889-8115-6ae7bbeb03f4,Denise Benjamin,owenmichelle@example.org,AI Specialist,2024-01-05 08:08:41
fce3ac8d-967b-44c7-a2ad-99616be8888f,Alexandra Schmidt,logan40@example.com,Cybersecurity Specialist,2024-06-22 18:32:59
57d0874f-fb72-43bf-9d88-da2da7a3a1e8,Steve Lam,dadkins@example.net,Cybersecurity Specialist,2024-07-23 06:27:56
8bc90314-5b3f-454e-8e08-1d8e2e682cf4,Bruce Francis,jessicaspencer@example.com,UI/UX Designer,2024-04-06 00:34:30
e33d2272-1399-4832-8289-920c45920b4c,Caroline Deleon,albert90@example.net,Data Scientist,2024-09-22 20:15:06
2c68c9f8-aab3-4dc9-9498-e3412227f826,Anthony Shaffer,jeffkaufman@example.org,UI/UX Designer,2024-03-25 23:55:28
08deeed2-0763-4c37-8a19-0c6be01687f6,Brenda Bird,samuel36@example.net,Cybersecurity Specialist,2024-06-18 14:10:54
19294b5a-319a-4b4f-aaf7-e872497b6d1c,Paula Ball,dle@example.net,Cybersecurity Specialist,2024-04-30 21:04:58
ccc0f799-4adf-4e57-98e5-d2c32ae686f8,Kevin Larson,stephanie75@example.org,Data Engineer,2024-07-08 09:17:00
fe63ed0c-ef6d-4889-bc14-d9397677b9d1,Meghan Farmer,phelpsjerry@example.com,Cybersecurity Specialist,2024-09-06 13:31:53
e37b23e7-e771-4793-8bd9-567c648f46a9,Justin Harrison,stephaniegonzalez@example.com,UI/UX Designer,2024-10-05 19:34:00
b193c0bf-4da4-4916-b591-3b630184d8e8,Michael Campbell,tgonzalez@example.org,Mobile Developer,2024-07-31 06:52:24
a91f1aed-eab0-441d-ac8b-81690c7c5e89,John Brown,kyledelgado@example.net,Software Tester,2024-05-12 16:13:44
355facae-6b24-4e42-a6d1-5295207f3f9b,Hannah Ramirez,gperez@example.org,AI Specialist,2024-09-11 10:47:59
7ddd3ed2-e4d2-420c-bd01-fa05cd2c6ab1,Sarah Gordon,lindsayharris@example.org,Software Tester,2024-08-30 02:26:32
7934ec14-1c86-420d-96de-b94f89ac20fe,Joel May,david11@example.net,Web Developer,2024-04-30 13:31:27
86e0bf7c-73d5-4d3e-9322-c0fe5ac46ef2,Michael Brennan,kathrynchan@example.com,Data Engineer,2024-09-08 21:21:02
6c0c5d2d-ce33-4a6e-91f4-810b7ec7fd8a,Zachary Eaton,edean@example.com,DevOps Engineer,2024-04-28 13:38:43
2c914c16-a68f-4c6c-950c-84f4b86c2a7b,Bryan Smith,ublevins@example.net,Software Tester,2024-01-19 11:18:03
54629f62-3aa0-4dca-9a82-69657dc7935d,Tara Bowers,sherry18@example.org,Cybersecurity Specialist,2024-03-19 16:14:01
4fa08678-8436-4268-ac96-04a6a2151c44,Olivia Guzman,raymondmiller@example.com,UI/UX Designer,2024-07-09 05:46:34
7b5f4840-bb55-4d8a-9cf5-7a5bc4153ee7,Joshua Huffman,tannerrobert@example.org,Mobile Developer,2024-08-03 17:07:51
0b406019-8b65-4667-9a3d-f2bc56a751eb,Lori Lynn,dorothy13@example.net,Data Engineer,2024-06-27 02:21:48
b6679b7d-32c2-4b3d-8aae-7d78afc82467,Kevin Steele,wellstimothy@example.net,AI Specialist,2024-03-11 19:01:42
c639fbcc-7666-4747-9a82-33b823439a79,Jesse Sanders,swilkins@example.com,AI Specialist,2024-09-04 09:59:32
200c4b23-3efe-488c-9154-b42fba8ebdd6,Richard Lynch,emily10@example.org,Data Scientist,2024-02-16 03:23:49
89af6831-8b40-4fbf-86e4-c1c871105249,Valerie Williams,brianamcconnell@example.org,Web Developer,2024-03-07 16:54:05
2a89cb35-702a-49c8-963c-5ba87f39a956,Jacob Duarte,martinchang@example.com,Web Developer,2024-09-17 11:42:14
81e6a967-835d-4467-a505-867bf80eb314,Catherine Lester,vazquezelizabeth@example.net,Data Scientist,2024-05-16 06:57:08
956b2015-ab24-4c4c-b309-e171d296f4cb,Diana Kennedy,igeorge@example.org,Software Tester,2024-01-26 18:36:11
a172b01b-f100-40cf-95fc-16e103eb22d8,Shelby Bean,richardosborn@example.org,Mobile Developer,2024-09-29 17:37:20
71a02cd6-ee50-4052-89b0-957d3e8770b2,Samantha Medina MD,nathan91@example.org,Cybersecurity Specialist,2024-03-14 02:19:14
0921b4d5-ac67-404c-9539-e94dbd9f39bc,James Mccann,ricardoalvarez@example.org,UI/UX Designer,2024-05-20 15:04:24
1b45aa1c-6ed3-4c57-ad25-ae8b94a7126c,James Smith,dpatel@example.org,Mobile Developer,2024-08-06 15:45:55
7c73298b-adbe-49f7-ab5f-8372d4b7a924,Jon Henry,pdavila@example.net,Web Developer,2024-04-03 08:36:56
3d629268-0c56-4a69-b55d-c9cc3a8cac89,Danielle Carpenter,sandra55@example.net,Web Developer,2024-06-06 15:22:18
96e8e337-6302-48c7-862e-9b6e1b20ff43,Brandy Santos,jacobsonmaurice@example.com,Mobile Developer,2024-03-03 19:55:39
17365fa9-099c-4832-b731-b0405dff9e2c,Laura Williams,pkent@example.com,AI Specialist,2024-08-23 12:09:44
6ce5709e-61ee-4e50-9b14-5d6d4a694fe0,Michelle Delgado,efernandez@example.net,Software Tester,2024-07-08 11:33:30
8172409c-9e7a-46f4-a655-0fc261c1c98b,Donald Joseph,pamelalopez@example.net,AI Specialist,2024-08-25 18:20:20
38cc4eb3-baff-46bf-a7d7-07d339f972d3,Rick Smith,ncook@example.com,Data Engineer,2024-07-29 10:00:03
a0edc26e-e36b-4889-a513-d58575438543,Barbara Edwards,stricklandnicole@example.org,UI/UX Designer,2024-09-30 01:48:29
49dc971a-2106-4dbb-b750-4b2d37bee24b,Alison Carr,bradleygregory@example.net,Web Developer,2024-04-06 18:06:47
dd311e39-8242-498a-91d7-7bc26de8da31,Alexander Parker,lanestephanie@example.com,Web Developer,2024-02-16 12:53:31
1b43bf50-cd4c-4434-ae09-090ae9625011,Heidi Huff,jessicaholt@example.com,Data Engineer,2024-05-07 02:38:58
dbb894ef-5d53-4200-bb54-af100bfee8e1,Robert Ferrell,cassandramoran@example.com,Software Tester,2024-08-26 11:04:17
fd4a96d9-39b7-4d9b-a9b3-4fcb493e0e0b,Patricia Montoya,aaustin@example.net,UI/UX Designer,2024-05-19 05:15:38
dc586cf1-f73e-46c8-a49e-768545a702cb,Jimmy Becker,christine57@example.com,Web Developer,2024-02-07 10:05:04
c8cc523c-db23-4392-aebf-5adf1146660c,Joshua Vasquez,vdyer@example.com,Data Scientist,2024-09-06 20:09:58
a2a4fa16-27f2-434d-ae1a-52b2220d6509,Danielle Zimmerman,nthompson@example.com,Software Tester,2024-02-07 18:57:34
1cc8176c-b0b9-4bd2-bfca-0a4424226bc4,Kristina Cowan,gregoryreyes@example.com,Mobile Developer,2024-05-12 01:03:54
5143c98a-0f28-42f1-b871-efbd555a70e2,Diane Cantu,donnaanderson@example.com,Data Scientist,2024-09-20 16:31:56
e458ddfd-905e-451b-8fab-6c8eb55e4fc0,Jordan Henderson,robertcherry@example.com,AI Specialist,2024-03-04 09:29:44
6d19c180-92da-4d5f-9e8d-92030b99f39d,Debbie Wilson,gillchristine@example.net,Cybersecurity Specialist,2024-09-29 03:30:39
7c019d32-8e96-4f36-b144-05ee706a1c26,Patrick Singleton,bonnieturner@example.com,Cybersecurity Specialist,2024-04-11 14:40:38
ef9f51dc-1ac6-4a3b-8131-a9bc750cb9b0,Michelle Burns,bwilliams@example.net,Web Developer,2024-08-28 12:03:40
a9a3cf03-479a-4608-9948-e4b8fc378e8c,David Gates,zmclaughlin@example.net,Data Engineer,2024-06-28 17:22:50
75746ac5-6572-478c-bc60-bc518942f8be,Thomas Wood,michael77@example.net,AI Specialist,2024-06-22 08:37:21
433e62d8-7656-4d06-b23b-582e0a039999,Dale Johnson,tinahanna@example.net,Web Developer,2024-06-18 11:22:17
0ef9bca9-2cff-422e-8bb5-d4c8ef1c852a,Jessica Johnson,millersandra@example.org,UI/UX Designer,2024-06-17 14:25:18
f15f13bc-d9f0-4081-a504-e664c3e25731,Brandon Ward,taylorchristopher@example.com,Web Developer,2024-05-24 03:52:37
d9260336-183e-4bfa-ab67-9ccba0654d44,Anthony Mora,bryantrichard@example.com,UI/UX Designer,2024-06-05 12:51:48
d8e31b71-9211-4923-a7d0-c2643c2e4643,Melissa Moreno,ccarson@example.net,Data Engineer,2024-07-25 01:43:18
d0e3d218-4971-4679-97be-dc3da7e78ae4,Tina Short,emily95@example.org,AI Specialist,2024-07-31 13:00:14
2ab482cf-9a1d-4271-9de5-812857d00f15,James Lyons,garrisonkevin@example.net,Data Engineer,2024-02-04 12:44:26
18578bff-5d96-44d7-a6c4-15d36783c505,Paige Brown,jeffrey58@example.com,AI Specialist,2024-07-08 11:48:23
2d7ad1a9-82c2-4f11-a3b3-dec2515530c2,Jacob Jordan,michael92@example.com,Data Engineer,2024-08-06 14:16:13
0cfa546c-5f06-4ca5-ba03-2832c14efe82,Christine Marshall,freemanemily@example.net,Cybersecurity Specialist,2024-03-26 00:13:28
e7a81fbc-5e32-4796-b4cf-7a18dfef4690,James Wilkerson,justin04@example.net,Mobile Developer,2024-01-28 04:21:56
a3cd58bf-124b-4a01-89be-e74265c6ff54,Stephen Russell,sandovalcrystal@example.net,Software Tester,2024-06-16 05:29:41
2e3184cd-150e-4de4-b370-9750725c30cb,Kaitlyn Hernandez,bsullivan@example.net,AI Specialist,2024-07-17 22:09:39
38995514-089d-469e-b7e0-d72ef1f642d3,Shirley Miller,nwade@example.org,UI/UX Designer,2024-05-22 05:04:04
b5ee207e-e4f6-4bd2-9a40-8a8f65bf104d,Krystal Wells,elizabethhull@example.net,Data Scientist,2024-09-19 09:01:07
800d69cb-6dae-43fd-82ee-e3764960c9bd,Justin Hancock,christynewton@example.org,DevOps Engineer,2024-05-18 21:16:41
718adac3-0ead-4e2d-bc24-1510c0ef4f2c,Scott Meyer,blakejohnson@example.net,UI/UX Designer,2024-02-12 04:33:44
81596165-8a74-49ca-9b85-a4443e300709,James Li,parkerlorraine@example.org,Software Tester,2024-08-08 20:38:09
49403371-0414-4179-b88b-0f55bd5b0b10,Robert King,joseph93@example.com,AI Specialist,2024-09-12 19:43:00
5ee3ede2-23f3-4be2-958f-a96e22fbb2e0,Jessica Abbott,erika60@example.net,AI Specialist,2024-04-16 14:56:38
df74e052-2ede-4562-bcbb-d880310cf0da,James Underwood,jill48@example.com,UI/UX Designer,2024-02-11 21:28:59
a8ece6c8-1052-43dc-bac8-2c2babc80d85,Jason White,ashley03@example.org,AI Specialist,2024-10-04 14:49:00
5513d463-19a8-459a-8173-6450b0632048,Christine Garcia,tmichael@example.net,AI Specialist,2024-08-16 15:25:19
1165685a-6d13-4216-99fc-c020be4a2ede,John Howard,qspears@example.net,Cybersecurity Specialist,2024-05-27 09:28:49
3934e658-fb3d-4837-aaf6-a0cfe8b1709c,Kelly Small,lynncox@example.net,Software Tester,2024-05-03 02:40:51
cbeddcc9-3a8e-48ed-a219-89d47ddfaf96,Linda Powell,lpeterson@example.org,AI Specialist,2024-06-05 05:43:20
b43cd07c-44e4-4b1e-8b8b-d505edbd7315,Melissa Dennis,rogersmadeline@example.com,Data Engineer,2024-02-07 12:14:46
a4e95cf4-5b51-4003-a4aa-b56eef7d9a05,Anthony Buckley,josephmiller@example.org,UI/UX Designer,2024-02-12 06:12:36
d7ced9c9-c125-45b2-91c7-241cf90e006d,Hannah Patel,fmarquez@example.net,Data Scientist,2024-02-01 13:33:47
51fb8921-43b0-4dc3-bdc3-aa0bd33b455b,Jennifer Barrett,robert24@example.com,Mobile Developer,2024-07-09 21:51:26
08d9ffbd-de91-441c-8e9a-b788fb4d4e63,Jennifer Johnson,scottdavid@example.net,Cybersecurity Specialist,2024-03-20 22:12:12
87953aa8-e810-400f-9f98-e987de65acc6,Kevin Cook,catherine49@example.com,Data Engineer,2024-07-30 02:39:02
ee98ee6f-f486-44f7-be7e-607a8ad81e3f,Gary Farrell,gwalters@example.net,Data Scientist,2024-05-26 12:42:21
84d7ebb2-9c2b-4149-9ab0-f7b51f82841e,Shawn Cummings,joseph53@example.net,Data Scientist,2024-05-16 10:30:18
7619a890-9e48-44c1-ae2c-d98d614b9c4c,Alexander Ingram,emilymatthews@example.net,Software Tester,2024-09-11 01:18:09
a7e4b9f3-7305-4d06-872d-6966bc23f7c5,Angela Hall,briangonzalez@example.com,AI Specialist,2024-08-27 22:16:47
105ce44b-8c53-43ad-9009-8203c79c789e,Kimberly Smith,laura77@example.net,Cybersecurity Specialist,2024-05-22 07:39:12
c8a63878-d647-4a29-90ec-af13661ee959,Jessica Alvarez,james78@example.com,Data Scientist,2024-07-24 12:52:31
58f0f152-7dee-47c8-92bb-56e1aa4da25a,Brenda Carter,gregoryjones@example.net,DevOps Engineer,2024-07-08 04:30:47
f7e0f670-dc10-4b53-afc3-0221cb1d92a2,Alicia Powell,ann67@example.com,UI/UX Designer,2024-02-06 15:38:13
f65e8c67-1b9c-4303-8205-a1eb50b28117,Miguel Diaz,jreed@example.net,UI/UX Designer,2024-01-28 15:32:10
df1207f3-7b23-4c52-a087-3c96b294dd71,Elizabeth Jackson,crossfelicia@example.org,AI Specialist,2024-09-24 15:26:31
53a3b69b-dd40-4d5a-a15c-433f442e53a6,Traci Ortiz,samuelwhite@example.net,AI Specialist,2024-07-29 20:57:37
de7d8ebc-b65e-4f6a-9bb4-9c51a0c321e2,Christopher Meyers,dunnalejandro@example.org,Web Developer,2024-04-16 19:22:26
f9d271d3-b328-4b2f-89bb-bd1b23ab7d32,James Wong,ecase@example.net,Cybersecurity Specialist,2024-04-20 03:51:52
1d504a00-c096-4573-a6ce-bd817b19da3a,Mandy Lee MD,littlephillip@example.net,Cybersecurity Specialist,2024-08-10 17:06:22
a44010f3-4f93-4e27-b5bf-d5333c80ed67,Tanner Davis,osbornezachary@example.com,Software Tester,2024-03-11 15:24:10
98984613-ae00-44be-a1d4-2f75bcdb7349,Jennifer Harris,fletchercrystal@example.org,Mobile Developer,2024-08-06 01:01:22
0564dc8a-2c53-44ac-b2ec-499755de840f,Shawna Flores,amyalexander@example.net,UI/UX Designer,2024-03-09 22:51:59
0162648c-e58b-409a-967c-19df4f978391,Kimberly Ross,lindsayfox@example.org,UI/UX Designer,2024-05-07 12:46:52
279c3c52-ffa1-4b02-b42e-ef387867da60,Alice Smith DDS,jamesdaniel@example.com,AI Specialist,2024-06-14 03:27:01
0d525492-03a0-4e66-87d9-f4d4df10aa24,Justin Potts,lisa00@example.net,Software Tester,2024-01-30 21:10:03
4ef5f6f5-b687-4335-8cb7-b3907830a771,Caitlin Brown,meganmalone@example.com,DevOps Engineer,2024-03-10 09:18:27
7c63bd8a-d71c-45cc-b31f-13b23761b96f,Brenda Robinson,mooreanthony@example.com,Cybersecurity Specialist,2024-02-06 05:28:19
9ae5ef34-0f12-48db-92b9-5ee1fb82d132,Curtis Kirk,gerald10@example.org,Web Developer,2024-02-09 18:04:32
c5b81b22-eda6-4d0d-8430-c7e1a0ac65a9,Victoria Howard,madisonpreston@example.com,Mobile Developer,2024-05-14 05:10:26
b66844c0-b735-4292-be2d-cba7b9d20140,Anita Wilson,lopezjohn@example.com,UI/UX Designer,2024-01-18 09:48:45
3aad913a-f14d-4eb0-857c-2800a33e40db,Michael Hull,amy63@example.com,UI/UX Designer,2024-04-19 06:13:30
7cab19dc-8dab-4749-801f-2335f158c761,Alexander Smith,jonknapp@example.com,Cybersecurity Specialist,2024-05-04 05:22:24
735eaa70-20ec-402e-ac43-317d0ade8a9e,Darren Collins,juan85@example.com,UI/UX Designer,2024-07-08 04:28:45
a8e79578-86c9-4a31-8296-1720d55cc49d,Jeffrey Small,sierra50@example.org,DevOps Engineer,2024-01-25 18:18:33
3855a262-1914-476d-8b2d-3a95e575e4de,Andrew Burke,jensenangelica@example.net,AI Specialist,2024-07-17 21:22:19
2149f680-19f7-4eaa-957a-62511eb413f4,Erik Rodriguez,gwilson@example.net,Cybersecurity Specialist,2024-05-24 18:59:00
